,budget,genres,homepage,id,keywords,original_language,original_title,overview,popularity,production_companies,production_countries,release_date,revenue,runtime,spoken_languages,status,tagline,title,vote_average,vote_count
1881,25000000,"[{""id"": 18, ""name"": ""Drama""}, {""id"": 80, ""name"": ""Crime""}]",,278,"[{""id"": 378, ""name"": ""prison""}, {""id"": 417, ""name"": ""corruption""}, {""id"": 796, ""name"": ""police brutality""}, {""id"": 2885, ""name"": ""prison cell""}, {""id"": 4779, ""name"": ""delinquent""}, {""id"": 8622, ""name"": ""parole board""}, {""id"": 9777, ""name"": ""escape from prison""}, {""id"": 12662, ""name"": ""wrongful imprisonment""}, {""id"": 180172, ""name"": ""framed for murder""}, {""id"": 207883, ""name"": ""1940s""}]",en,The Shawshank Redemption,"Framed in the 1940s for the double murder of his wife and her lover, upstanding banker Andy Dufresne begins a new life at the Shawshank prison, where he puts his accounting skills to work for an amoral warden. During his long stretch in prison, Dufresne comes to be admired by the other inmates -- including an older prisoner named Red -- for his integrity and unquenchable sense of hope.",136.747729,"[{""name"": ""Castle Rock Entertainment"", ""id"": 97}]","[{""iso_3166_1"": ""US"", ""name"": ""United States of America""}]",1994-09-23,28341469,142.0,"[{""iso_639_1"": ""en"", ""name"": ""English""}]",Released,Fear can hold you prisoner. Hope can set you free.,The Shawshank Redemption,8.5,8205
3337,6000000,"[{""id"": 18, ""name"": ""Drama""}, {""id"": 80, ""name"": ""Crime""}]",http://www.thegodfather.com/,238,"[{""id"": 131, ""name"": ""italy""}, {""id"": 699, ""name"": ""love at first sight""}, {""id"": 1872, ""name"": ""loss of father""}, {""id"": 4677, ""name"": ""patriarch""}, {""id"": 10291, ""name"": ""organized crime""}, {""id"": 10391, ""name"": ""mafia""}, {""id"": 10909, ""name"": ""lawyer""}, {""id"": 11590, ""name"": ""italian american""}, {""id"": 33421, ""name"": ""crime family""}, {""id"": 165725, ""name"": ""rise to power""}, {""id"": 166462, ""name"": ""mob boss""}, {""id"": 207883, ""name"": ""1940s""}]",en,The Godfather,"Spanning the years 1945 to 1955, a chronicle of the fictional Italian-American Corleone crime family. When organized crime family patriarch, Vito Corleone barely survives an attempt on his life, his youngest son, Michael steps in to take care of the would-be killers, launching a campaign of bloody revenge.",143.659698,"[{""name"": ""Paramount Pictures"", ""id"": 4}, {""name"": ""Alfran Productions"", ""id"": 10211}]","[{""iso_3166_1"": ""US"", ""name"": ""United States of America""}]",1972-03-14,245066411,175.0,"[{""iso_639_1"": ""en"", ""name"": ""English""}, {""iso_639_1"": ""it"", ""name"": ""Italiano""}, {""iso_639_1"": ""la"", ""name"": ""Latin""}]",Released,An offer you can't refuse.,The Godfather,8.4,5893
3232,8000000,"[{""id"": 53, ""name"": ""Thriller""}, {""id"": 80, ""name"": ""Crime""}]",,680,"[{""id"": 396, ""name"": ""transporter""}, {""id"": 1411, ""name"": ""brothel""}, {""id"": 2231, ""name"": ""drug dealer""}, {""id"": 2792, ""name"": ""boxer""}, {""id"": 4076, ""name"": ""massage""}, {""id"": 8627, ""name"": ""stolen money""}, {""id"": 9730, ""name"": ""crime boss""}, {""id"": 10104, ""name"": ""dance contest""}, {""id"": 11242, ""name"": ""junkyard""}, {""id"": 11423, ""name"": ""kamikaze""}, {""id"": 11434, ""name"": ""ambiguous ending""}, {""id"": 11435, ""name"": ""briefcase""}, {""id"": 11436, ""name"": ""redemption""}, {""id"": 11442, ""name"": ""heirloom""}, {""id"": 11446, ""name"": ""pulp fiction""}, {""id"": 11447, ""name"": ""reference to al green""}, {""id"": 14604, ""name"": ""theft""}, {""id"": 14707, ""name"": ""brutality""}]",en,Pulp Fiction,"A burger-loving hit man, his philosophical partner, a drug-addled gangster's moll and a washed-up boxer converge in this sprawling, comedic crime caper. Their adventures unfurl in three stories that ingeniously trip back and forth in time.",121.463076,"[{""name"": ""Miramax Films"", ""id"": 14}, {""name"": ""A Band Apart"", ""id"": 59}, {""name"": ""Jersey Films"", ""id"": 216}]","[{""iso_3166_1"": ""US"", ""name"": ""United States of America""}]",1994-10-08,213928762,154.0,"[{""iso_639_1"": ""en"", ""name"": ""English""}, {""iso_639_1"": ""es"", ""name"": ""Espa\u00f1ol""}, {""iso_639_1"": ""fr"", ""name"": ""Fran\u00e7ais""}]",Released,Just because you are a character doesn't mean you have character.,Pulp Fiction,8.3,8428
2294,15000000,"[{""id"": 14, ""name"": ""Fantasy""}, {""id"": 12, ""name"": ""Adventure""}, {""id"": 16, ""name"": ""Animation""}, {""id"": 10751, ""name"": ""Family""}]",http://movies.disney.com/spirited-away,129,"[{""id"": 616, ""name"": ""witch""}, {""id"": 970, ""name"": ""parents kids relationship""}, {""id"": 2343, ""name"": ""magic""}, {""id"": 2640, ""name"": ""twilight""}, {""id"": 3762, ""name"": ""darkness""}, {""id"": 3787, ""name"": ""village and town""}, {""id"": 4652, ""name"": ""bath house""}, {""id"": 4931, ""name"": ""pig""}, {""id"": 5280, ""name"": ""ghost world""}, {""id"": 6016, ""name"": ""biology""}, {""id"": 13008, ""name"": ""train""}, {""id"": 155582, ""name"": ""amusement park""}, {""id"": 196509, ""name"": ""yokai""}, {""id"": 207695, ""name"": ""japanese mythology""}, {""id"": 210024, ""name"": ""anime""}]",ja,千と千尋の神隠し,A ten year old girl who wanders away from her parents along a path that leads to a world ruled by strange and unusual monster-like animals. Her parents have been changed into pigs along with others inside a bathhouse full of these creatures. Will she ever see the world how it once was?,118.968562,"[{""name"": ""Studio Ghibli"", ""id"": 10342}]","[{""iso_3166_1"": ""JP"", ""name"": ""Japan""}]",2001-07-20,274925095,125.0,"[{""iso_639_1"": ""ja"", ""name"": ""\u65e5\u672c\u8a9e""}]",Released,The tunnel led Chihiro to a mysterious town...,Spirited Away,8.3,3840
1818,22000000,"[{""id"": 18, ""name"": ""Drama""}, {""id"": 36, ""name"": ""History""}, {""id"": 10752, ""name"": ""War""}]",http://www.schindlerslist.com/,424,"[{""id"": 1382, ""name"": ""factory""}, {""id"": 1631, ""name"": ""concentration camp""}, {""id"": 1701, ""name"": ""hero""}, {""id"": 1739, ""name"": ""holocaust""}, {""id"": 1956, ""name"": ""world war ii""}, {""id"": 2652, ""name"": ""nazis""}, {""id"": 3599, ""name"": ""defense industry""}, {""id"": 5565, ""name"": ""biography""}, {""id"": 194409, ""name"": ""the holocaust""}]",en,Schindler's List,The true story of how businessman Oskar Schindler saved over a thousand Jewish lives from the Nazis while they worked as slaves in his factory during World War II.,104.469351,"[{""name"": ""Universal Pictures"", ""id"": 33}, {""name"": ""Amblin Entertainment"", ""id"": 56}]","[{""iso_3166_1"": ""US"", ""name"": ""United States of America""}]",1993-11-29,321365567,195.0,"[{""iso_639_1"": ""de"", ""name"": ""Deutsch""}, {""iso_639_1"": ""pl"", ""name"": ""Polski""}, {""iso_639_1"": ""he"", ""name"": ""\u05e2\u05b4\u05d1\u05b0\u05e8\u05b4\u05d9\u05ea""}, {""iso_639_1"": ""en"", ""name"": ""English""}]",Released,"Whoever saves one life, saves the world entire.",Schindler's List,8.3,4329
662,63000000,"[{""id"": 18, ""name"": ""Drama""}]",http://www.foxmovies.com/movies/fight-club,550,"[{""id"": 825, ""name"": ""support group""}, {""id"": 851, ""name"": ""dual identity""}, {""id"": 1541, ""name"": ""nihilism""}, {""id"": 3927, ""name"": ""rage and hate""}, {""id"": 4142, ""name"": ""insomnia""}, {""id"": 4565, ""name"": ""dystopia""}, {""id"": 14819, ""name"": ""violence""}]",en,Fight Club,"A ticking-time-bomb insomniac and a slippery soap salesman channel primal male aggression into a shocking new form of therapy. Their concept catches on, with underground ""fight clubs"" forming in every town, until an eccentric gets in the way and ignites an out-of-control spiral toward oblivion.",146.757391,"[{""name"": ""Regency Enterprises"", ""id"": 508}, {""name"": ""Fox 2000 Pictures"", ""id"": 711}, {""name"": ""Taurus Film"", ""id"": 20555}, {""name"": ""Linson Films"", ""id"": 54050}, {""name"": ""Atman Entertainment"", ""id"": 54051}, {""name"": ""Knickerbocker Films"", ""id"": 54052}]","[{""iso_3166_1"": ""DE"", ""name"": ""Germany""}, {""iso_3166_1"": ""US"", ""name"": ""United States of America""}]",1999-10-15,100853753,139.0,"[{""iso_639_1"": ""en"", ""name"": ""English""}]",Released,Mischief. Mayhem. Soap.,Fight Club,8.3,9413
3865,3300000,"[{""id"": 18, ""name"": ""Drama""}]",http://sonyclassics.com/whiplash/,244786,"[{""id"": 1416, ""name"": ""jazz""}, {""id"": 1523, ""name"": ""obsession""}, {""id"": 1640, ""name"": ""conservatory""}, {""id"": 2176, ""name"": ""music teacher""}, {""id"": 14512, ""name"": ""new york city""}, {""id"": 14819, ""name"": ""violence""}, {""id"": 33896, ""name"": ""montage""}, {""id"": 156823, ""name"": ""drummer""}, {""id"": 170418, ""name"": ""public humiliation""}, {""id"": 176095, ""name"": ""jazz band""}, {""id"": 206298, ""name"": ""young adult""}, {""id"": 207739, ""name"": ""music school""}]",en,Whiplash,"Under the direction of a ruthless instructor, a talented young drummer begins to pursue perfection at any cost, even his humanity.",192.528841,"[{""name"": ""Bold Films"", ""id"": 2266}, {""name"": ""Blumhouse Productions"", ""id"": 3172}, {""name"": ""Right of Way Films"", ""id"": 32157}]","[{""iso_3166_1"": ""US"", ""name"": ""United States of America""}]",2014-10-10,13092000,105.0,"[{""iso_639_1"": ""en"", ""name"": ""English""}]",Released,The road to greatness can take you to the edge.,Whiplash,8.3,4254
809,55000000,"[{""id"": 35, ""name"": ""Comedy""}, {""id"": 18, ""name"": ""Drama""}, {""id"": 10749, ""name"": ""Romance""}]",,13,"[{""id"": 422, ""name"": ""vietnam veteran""}, {""id"": 458, ""name"": ""hippie""}, {""id"": 791, ""name"": ""mentally disabled""}, {""id"": 795, ""name"": ""running""}, {""id"": 818, ""name"": ""based on novel""}, {""id"": 2956, ""name"": ""vietnam""}, {""id"": 2957, ""name"": ""vietnam war""}, {""id"": 6054, ""name"": ""friendship""}, {""id"": 9673, ""name"": ""love""}, {""id"": 10235, ""name"": ""family relationships""}, {""id"": 10624, ""name"": ""bully""}, {""id"": 157499, ""name"": ""mother son relationship""}, {""id"": 162365, ""name"": ""military""}, {""id"": 162934, ""name"": ""hugging""}, {""id"": 166980, ""name"": ""shrimping""}, {""id"": 180204, ""name"": ""wounded soldier""}, {""id"": 187844, ""name"": ""flashback""}, {""id"": 208143, ""name"": ""park bench""}, {""id"": 215492, ""name"": ""amputee""}]",en,Forrest Gump,"A man with a low IQ has accomplished great things in his life and been present during significant historic events - in each case, far exceeding what anyone imagined he could do. Yet, despite all the things he has attained, his one true love eludes him. 'Forrest Gump' is the story of a man who rose above his challenges, and who proved that determination, courage, and love are more important than ability.",138.133331,"[{""name"": ""Paramount Pictures"", ""id"": 4}]","[{""iso_3166_1"": ""US"", ""name"": ""United States of America""}]",1994-07-06,677945399,142.0,"[{""iso_639_1"": ""en"", ""name"": ""English""}]",Released,"The world will never be the same, once you've seen it through the eyes of Forrest Gump.",Forrest Gump,8.2,7927
1990,18000000,"[{""id"": 12, ""name"": ""Adventure""}, {""id"": 28, ""name"": ""Action""}, {""id"": 878, ""name"": ""Science Fiction""}]",http://www.starwars.com/films/star-wars-episode-v-the-empire-strikes-back,1891,"[{""id"": 526, ""name"": ""rebel""}, {""id"": 803, ""name"": ""android""}, {""id"": 1423, ""name"": ""asteroid""}, {""id"": 2902, ""name"": ""space battle""}, {""id"": 3373, ""name"": ""snow storm""}, {""id"": 3388, ""name"": ""space colony""}, {""id"": 9831, ""name"": ""spaceship""}, {""id"": 10016, ""name"": ""lightsaber""}, {""id"": 10527, ""name"": ""jedi""}, {""id"": 10842, ""name"": ""good vs evil""}, {""id"": 11196, ""name"": ""rebellion""}, {""id"": 160134, ""name"": ""the force""}, {""id"": 161176, ""name"": ""space opera""}, {""id"": 178710, ""name"": ""stormtrooper""}, {""id"": 210346, ""name"": ""wookie""}, {""id"": 232452, ""name"": ""jedi master""}, {""id"": 232453, ""name"": ""jedi training""}, {""id"": 232454, ""name"": ""droid""}]",en,The Empire Strikes Back,"The epic saga continues as Luke Skywalker, in hopes of defeating the evil Galactic Empire, learns the ways of the Jedi from aging master Yoda. But Darth Vader is more determined than ever to capture Luke. Meanwhile, rebel leader Princess Leia, cocky Han Solo, Chewbacca, and droids C-3PO and R2-D2 are thrown into various stages of capture, betrayal and despair.",78.51783,"[{""name"": ""Lucasfilm"", ""id"": 1}, {""name"": ""Twentieth Century Fox Film Corporation"", ""id"": 306}]","[{""iso_3166_1"": ""US"", ""name"": ""United States of America""}]",1980-05-17,538400000,124.0,"[{""iso_639_1"": ""en"", ""name"": ""English""}]",Released,The Adventure Continues...,The Empire Strikes Back,8.2,5879
65,185000000,"[{""id"": 18, ""name"": ""Drama""}, {""id"": 28, ""name"": ""Action""}, {""id"": 80, ""name"": ""Crime""}, {""id"": 53, ""name"": ""Thriller""}]",http://thedarkknight.warnerbros.com/dvdsite/,155,"[{""id"": 849, ""name"": ""dc comics""}, {""id"": 853, ""name"": ""crime fighter""}, {""id"": 1308, ""name"": ""secret identity""}, {""id"": 3151, ""name"": ""scarecrow""}, {""id"": 4426, ""name"": ""sadism""}, {""id"": 4630, ""name"": ""chaos""}, {""id"": 6969, ""name"": ""gotham city""}, {""id"": 7002, ""name"": ""vigilante""}, {""id"": 9537, ""name"": ""joker""}, {""id"": 9715, ""name"": ""superhero""}, {""id"": 9717, ""name"": ""based on comic book""}, {""id"": 10044, ""name"": ""tragic hero""}, {""id"": 10291, ""name"": ""organized crime""}, {""id"": 18023, ""name"": ""criminal mastermind""}, {""id"": 33518, ""name"": ""district attorney""}, {""id"": 156395, ""name"": ""imax""}, {""id"": 163074, ""name"": ""super villain""}, {""id"": 163455, ""name"": ""super powers""}, {""id"": 230775, ""name"": ""batman""}]",en,The Dark Knight,"Batman raises the stakes in his war on crime. With the help of Lt. Jim Gordon and District Attorney Harvey Dent, Batman sets out to dismantle the remaining criminal organizations that plague the streets. The partnership proves to be effective, but they soon find themselves prey to a reign of chaos unleashed by a rising criminal mastermind known to the terrified citizens of Gotham as the Joker.",187.322927,"[{""name"": ""DC Comics"", ""id"": 429}, {""name"": ""Legendary Pictures"", ""id"": 923}, {""name"": ""Warner Bros."", ""id"": 6194}, {""name"": ""DC Entertainment"", ""id"": 9993}, {""name"": ""Syncopy"", ""id"": 9996}]","[{""iso_3166_1"": ""GB"", ""name"": ""United Kingdom""}, {""iso_3166_1"": ""US"", ""name"": ""United States of America""}]",2008-07-16,1004558444,152.0,"[{""iso_639_1"": ""en"", ""name"": ""English""}, {""iso_639_1"": ""zh"", ""name"": ""\u666e\u901a\u8bdd""}]",Released,Why So Serious?,The Dark Knight,8.2,12002
690,60000000,"[{""id"": 14, ""name"": ""Fantasy""}, {""id"": 18, ""name"": ""Drama""}, {""id"": 80, ""name"": ""Crime""}]",http://thegreenmile.warnerbros.com/,497,"[{""id"": 531, ""name"": ""southern usa""}, {""id"": 577, ""name"": ""black people""}, {""id"": 791, ""name"": ""mentally disabled""}, {""id"": 818, ""name"": ""based on novel""}, {""id"": 2499, ""name"": ""heal""}, {""id"": 2501, ""name"": ""death row""}, {""id"": 2881, ""name"": ""jail guard""}, {""id"": 5571, ""name"": ""great depression""}, {""id"": 9774, ""name"": ""prison guard""}, {""id"": 11263, ""name"": ""electric chair""}, {""id"": 156597, ""name"": ""magic realism""}, {""id"": 167696, ""name"": ""healing""}, {""id"": 180162, ""name"": ""death row inmate""}, {""id"": 214548, ""name"": ""1930s""}]",en,The Green Mile,"A supernatural tale set on death row in a Southern prison, where gentle giant John Coffey possesses the mysterious power to heal people's ailments. When the cellblock's head guard, Paul Edgecomb, recognizes Coffey's miraculous gift, he tries desperately to help stave off the condemned man's execution.",103.698022,"[{""name"": ""Castle Rock Entertainment"", ""id"": 97}, {""name"": ""Darkwoods Productions"", ""id"": 3982}, {""name"": ""Warner Bros."", ""id"": 6194}]","[{""iso_3166_1"": ""US"", ""name"": ""United States of America""}]",1999-12-10,284600000,189.0,"[{""iso_639_1"": ""fr"", ""name"": ""Fran\u00e7ais""}, {""iso_639_1"": ""en"", ""name"": ""English""}]",Released,Miracles do happen.,The Green Mile,8.2,4048
95,165000000,"[{""id"": 12, ""name"": ""Adventure""}, {""id"": 18, ""name"": ""Drama""}, {""id"": 878, ""name"": ""Science Fiction""}]",http://www.interstellarmovie.net/,157336,"[{""id"": 83, ""name"": ""saving the world""}, {""id"": 310, ""name"": ""artificial intelligence""}, {""id"": 494, ""name"": ""father son relationship""}, {""id"": 641, ""name"": ""single parent""}, {""id"": 1432, ""name"": ""nasa""}, {""id"": 1963, ""name"": ""expedition""}, {""id"": 3417, ""name"": ""wormhole""}, {""id"": 3801, ""name"": ""space travel""}, {""id"": 4337, ""name"": ""famine""}, {""id"": 4380, ""name"": ""black hole""}, {""id"": 4565, ""name"": ""dystopia""}, {""id"": 4776, ""name"": ""race against time""}, {""id"": 8056, ""name"": ""quantum mechanics""}, {""id"": 9831, ""name"": ""spaceship""}, {""id"": 9882, ""name"": ""space""}, {""id"": 10084, ""name"": ""rescue""}, {""id"": 10235, ""name"": ""family relationships""}, {""id"": 13127, ""name"": ""farmhouse""}, {""id"": 14544, ""name"": ""robot""}, {""id"": 14626, ""name"": ""astronaut""}, {""id"": 14760, ""name"": ""scientist""}, {""id"": 15300, ""name"": ""father daughter relationship""}, {""id"": 33479, ""name"": ""single father""}, {""id"": 154846, ""name"": ""farmer""}, {""id"": 156039, ""name"": ""space station""}, {""id"": 156395, ""name"": ""imax""}, {""id"": 160331, ""name"": ""astrophysics""}, {""id"": 162630, ""name"": ""zero gravity""}, {""id"": 189098, ""name"": ""courage""}, {""id"": 208757, ""name"": ""time paradox""}, {""id"": 214349, ""name"": ""relativity""}]",en,Interstellar,Interstellar chronicles the adventures of a group of explorers who make use of a newly discovered wormhole to surpass the limitations on human space travel and conquer the vast distances involved in an interstellar voyage.,724.247784,"[{""name"": ""Paramount Pictures"", ""id"": 4}, {""name"": ""Legendary Pictures"", ""id"": 923}, {""name"": ""Warner Bros."", ""id"": 6194}, {""name"": ""Syncopy"", ""id"": 9996}, {""name"": ""Lynda Obst Productions"", ""id"": 13769}]","[{""iso_3166_1"": ""CA"", ""name"": ""Canada""}, {""iso_3166_1"": ""US"", ""name"": ""United States of America""}, {""iso_3166_1"": ""GB"", ""name"": ""United Kingdom""}]",2014-11-05,675120017,169.0,"[{""iso_639_1"": ""en"", ""name"": ""English""}]",Released,Mankind was born on Earth. It was never meant to die here.,Interstellar,8.1,10867
96,160000000,"[{""id"": 28, ""name"": ""Action""}, {""id"": 53, ""name"": ""Thriller""}, {""id"": 878, ""name"": ""Science Fiction""}, {""id"": 9648, ""name"": ""Mystery""}, {""id"": 12, ""name"": ""Adventure""}]",http://inceptionmovie.warnerbros.com/,27205,"[{""id"": 1014, ""name"": ""loss of lover""}, {""id"": 1566, ""name"": ""dream""}, {""id"": 1930, ""name"": ""kidnapping""}, {""id"": 2116, ""name"": ""sleep""}, {""id"": 2117, ""name"": ""subconsciousness""}, {""id"": 10051, ""name"": ""heist""}, {""id"": 11436, ""name"": ""redemption""}, {""id"": 160137, ""name"": ""female hero""}]",en,Inception,"Cobb, a skilled thief who commits corporate espionage by infiltrating the subconscious of his targets is offered a chance to regain his old life as payment for a task considered to be impossible: ""inception"", the implantation of another person's idea into a target's subconscious.",167.58371,"[{""name"": ""Legendary Pictures"", ""id"": 923}, {""name"": ""Warner Bros."", ""id"": 6194}, {""name"": ""Syncopy"", ""id"": 9996}]","[{""iso_3166_1"": ""GB"", ""name"": ""United Kingdom""}, {""iso_3166_1"": ""US"", ""name"": ""United States of America""}]",2010-07-14,825532764,148.0,"[{""iso_639_1"": ""en"", ""name"": ""English""}, {""iso_639_1"": ""ja"", ""name"": ""\u65e5\u672c\u8a9e""}, {""iso_639_1"": ""fr"", ""name"": ""Fran\u00e7ais""}]",Released,Your mind is the scene of the crime.,Inception,8.1,13752
2912,11000000,"[{""id"": 12, ""name"": ""Adventure""}, {""id"": 28, ""name"": ""Action""}, {""id"": 878, ""name"": ""Science Fiction""}]",http://www.starwars.com/films/star-wars-episode-iv-a-new-hope,11,"[{""id"": 803, ""name"": ""android""}, {""id"": 4270, ""name"": ""galaxy""}, {""id"": 4271, ""name"": ""hermit""}, {""id"": 10013, ""name"": ""death star""}, {""id"": 10016, ""name"": ""lightsaber""}, {""id"": 10527, ""name"": ""jedi""}, {""id"": 11107, ""name"": ""rescue mission""}, {""id"": 11195, ""name"": ""empire""}, {""id"": 11196, ""name"": ""rebellion""}, {""id"": 13194, ""name"": ""planet""}, {""id"": 155336, ""name"": ""smuggler""}, {""id"": 160134, ""name"": ""the force""}, {""id"": 161176, ""name"": ""space opera""}, {""id"": 163295, ""name"": ""galactic war""}, {""id"": 178710, ""name"": ""stormtrooper""}, {""id"": 178712, ""name"": ""totalitarianism""}]",en,Star Wars,Princess Leia is captured and held hostage by the evil Imperial forces in their effort to take over the galactic Empire. Venturesome Luke Skywalker and dashing captain Han Solo team together with the loveable robot duo R2-D2 and C-3PO to rescue the beautiful princess and restore peace and justice in the Empire.,126.393695,"[{""name"": ""Lucasfilm"", ""id"": 1}, {""name"": ""Twentieth Century Fox Film Corporation"", ""id"": 306}]","[{""iso_3166_1"": ""US"", ""name"": ""United States of America""}]",1977-05-25,775398007,121.0,"[{""iso_639_1"": ""en"", ""name"": ""English""}]",Released,"A long time ago in a galaxy far, far away...",Star Wars,8.1,6624
329,94000000,"[{""id"": 12, ""name"": ""Adventure""}, {""id"": 14, ""name"": ""Fantasy""}, {""id"": 28, ""name"": ""Action""}]",http://www.lordoftherings.net,122,"[{""id"": 603, ""name"": ""elves""}, {""id"": 606, ""name"": ""orcs""}, {""id"": 609, ""name"": ""middle-earth (tolkien)""}, {""id"": 818, ""name"": ""based on novel""}, {""id"": 3301, ""name"": ""suspicion""}, {""id"": 3930, ""name"": ""bravery""}, {""id"": 6091, ""name"": ""war""}, {""id"": 9812, ""name"": ""honor""}, {""id"": 11173, ""name"": ""troll""}, {""id"": 14707, ""name"": ""brutality""}, {""id"": 14819, ""name"": ""violence""}, {""id"": 162846, ""name"": ""ghost""}, {""id"": 173700, ""name"": ""end of trilogy""}, {""id"": 207372, ""name"": ""quest""}, {""id"": 234213, ""name"": ""sword and sorcery""}]",en,The Lord of the Rings: The Return of the King,"Aragorn is revealed as the heir to the ancient kings as he, Gandalf and the other members of the broken fellowship struggle to save Gondor from Sauron's forces. Meanwhile, Frodo and Sam bring the ring closer to the heart of Mordor, the dark lord's realm.",123.630332,"[{""name"": ""WingNut Films"", ""id"": 11}, {""name"": ""New Line Cinema"", ""id"": 12}]","[{""iso_3166_1"": ""NZ"", ""name"": ""New Zealand""}, {""iso_3166_1"": ""US"", ""name"": ""United States of America""}]",2003-12-01,1118888979,201.0,"[{""iso_639_1"": ""en"", ""name"": ""English""}]",Released,The eye of the enemy is moving.,The Lord of the Rings: The Return of the King,8.1,8064
2284,19000000,"[{""id"": 27, ""name"": ""Horror""}, {""id"": 53, ""name"": ""Thriller""}]",,694,"[{""id"": 612, ""name"": ""hotel""}, {""id"": 1533, ""name"": ""isolation""}, {""id"": 1611, ""name"": ""hotelier""}, {""id"": 1981, ""name"": ""colorado""}, {""id"": 2158, ""name"": ""maze""}, {""id"": 3458, ""name"": ""bartender""}, {""id"": 3598, ""name"": ""ax""}, {""id"": 6262, ""name"": ""delusion""}, {""id"": 9957, ""name"": ""loneliness""}, {""id"": 10241, ""name"": ""caretaker""}, {""id"": 10629, ""name"": ""vision""}, {""id"": 10794, ""name"": ""snow""}, {""id"": 13028, ""name"": ""writer""}, {""id"": 33457, ""name"": ""alcoholic""}, {""id"": 190107, ""name"": ""snowed in""}, {""id"": 198471, ""name"": ""off season""}]",en,The Shining,"Jack Torrance accepts a caretaker job at the Overlook Hotel, where he, along with his wife Wendy and their son Danny, must live isolated from the rest of the world for the winter. But they aren't prepared for the madness that lurks within.",78.699993,"[{""name"": ""Hawk Films"", ""id"": 88}, {""name"": ""Warner Bros."", ""id"": 6194}, {""name"": ""Peregrine"", ""id"": 11272}]","[{""iso_3166_1"": ""US"", ""name"": ""United States of America""}, {""iso_3166_1"": ""GB"", ""name"": ""United Kingdom""}]",1980-05-22,44017374,144.0,"[{""iso_639_1"": ""en"", ""name"": ""English""}]",Released,A masterpiece of modern horror.,The Shining,8.1,3757
1553,33000000,"[{""id"": 80, ""name"": ""Crime""}, {""id"": 9648, ""name"": ""Mystery""}, {""id"": 53, ""name"": ""Thriller""}]",http://www.sevenmovie.com/,807,"[{""id"": 476, ""name"": ""self-fulfilling prophecy""}, {""id"": 703, ""name"": ""detective""}, {""id"": 1470, ""name"": ""s.w.a.t.""}, {""id"": 2231, ""name"": ""drug dealer""}, {""id"": 3597, ""name"": ""evisceration""}, {""id"": 3857, ""name"": ""lust and impulsiveness""}, {""id"": 3927, ""name"": ""rage and hate""}, {""id"": 3932, ""name"": ""pride and vanity""}, {""id"": 4138, ""name"": ""immoderateness""}, {""id"": 4142, ""name"": ""insomnia""}, {""id"": 5340, ""name"": ""investigation""}, {""id"": 6125, ""name"": ""pension""}, {""id"": 6149, ""name"": ""police""}, {""id"": 10714, ""name"": ""serial killer""}]",en,Se7en,"Two homicide detectives are on a desperate hunt for a serial killer whose crimes are based on the ""seven deadly sins"" in this dark and haunting film that takes viewers from the tortured remains of one victim to the next. The seasoned Det. Sommerset researches each sin in an effort to get inside the killer's mind, while his novice partner, Mills, scoffs at his efforts to unravel the case.",79.579532,"[{""name"": ""New Line Cinema"", ""id"": 12}, {""name"": ""Juno Pix"", ""id"": 4286}, {""name"": ""Cecchi Gori Pictures"", ""id"": 65394}]","[{""iso_3166_1"": ""US"", ""name"": ""United States of America""}]",1995-09-22,327311859,127.0,"[{""iso_639_1"": ""en"", ""name"": ""English""}]",Released,Seven deadly sins. Seven ways to die.,Se7en,8.1,5765
3573,9000000,"[{""id"": 9648, ""name"": ""Mystery""}, {""id"": 53, ""name"": ""Thriller""}]",http://www.otnemem.com/,77,"[{""id"": 30, ""name"": ""individual""}, {""id"": 328, ""name"": ""insulin""}, {""id"": 331, ""name"": ""tattoo""}, {""id"": 828, ""name"": ""waitress""}, {""id"": 1453, ""name"": ""amnesia""}, {""id"": 2669, ""name"": ""motel""}, {""id"": 3973, ""name"": ""insurance salesman""}, {""id"": 9748, ""name"": ""revenge""}, {""id"": 11469, ""name"": ""memory loss""}, {""id"": 33874, ""name"": ""polaroid""}, {""id"": 187844, ""name"": ""flashback""}, {""id"": 207268, ""name"": ""neo-noir""}]",en,Memento,"Suffering short-term memory loss after a head injury, Leonard Shelby embarks on a grim quest to find the lowlife who murdered his wife in this gritty, complex thriller that packs more knots than a hangman's noose. To carry out his plan, Shelby snaps Polaroids of people and places, jotting down contextual notes on the backs of photos to aid in his search and jog his memory. He even tattoos his own body in a desperate bid to remember.",60.715151,"[{""name"": ""Summit Entertainment"", ""id"": 491}, {""name"": ""Newmarket Capital Group"", ""id"": 506}, {""name"": ""Team Todd"", ""id"": 598}, {""name"": ""I Remember Productions"", ""id"": 34446}]","[{""iso_3166_1"": ""US"", ""name"": ""United States of America""}]",2000-10-11,39723096,113.0,"[{""iso_639_1"": ""en"", ""name"": ""English""}]",Released,Some memories are best forgotten.,Memento,8.1,4028
2091,19000000,"[{""id"": 80, ""name"": ""Crime""}, {""id"": 18, ""name"": ""Drama""}, {""id"": 53, ""name"": ""Thriller""}]",,274,"[{""id"": 818, ""name"": ""based on novel""}, {""id"": 6259, ""name"": ""psychopath""}, {""id"": 8087, ""name"": ""horror""}, {""id"": 9937, ""name"": ""suspense""}, {""id"": 10714, ""name"": ""serial killer""}, {""id"": 12565, ""name"": ""psychological thriller""}, {""id"": 14895, ""name"": ""cannibal""}, {""id"": 18525, ""name"": ""fbi agent""}, {""id"": 33872, ""name"": ""animal in cast credits""}, {""id"": 208048, ""name"": ""cannibalism""}]",en,The Silence of the Lambs,"FBI trainee, Clarice Starling ventures into a maximum-security asylum to pick the diseased brain of Hannibal Lecter, a psychiatrist turned homicidal cannibal. Starling needs clues to help her capture a serial killer. but her Faustian relationship with Lecter soon leads to his escape, and now two deranged killers are on the loose.",18.174804,"[{""name"": ""Orion Pictures"", ""id"": 41}, {""name"": ""Strong Heart/Demme Production"", ""id"": 55072}]","[{""iso_3166_1"": ""US"", ""name"": ""United States of America""}]",1991-02-01,272742922,119.0,"[{""iso_639_1"": ""en"", ""name"": ""English""}]",Released,To enter the mind of a killer she must challenge the mind of a madman.,The Silence of the Lambs,8.1,4443
1196,40000000,"[{""id"": 18, ""name"": ""Drama""}, {""id"": 9648, ""name"": ""Mystery""}, {""id"": 53, ""name"": ""Thriller""}]",http://wwws.warnerbros.de/theprestige/,1124,"[{""id"": 271, ""name"": ""competition""}, {""id"": 1328, ""name"": ""secret""}, {""id"": 1523, ""name"": ""obsession""}, {""id"": 2343, ""name"": ""magic""}, {""id"": 3737, ""name"": ""dying and death""}, {""id"": 4034, ""name"": ""class society""}, {""id"": 4662, ""name"": ""illusion""}, {""id"": 4988, ""name"": ""tricks""}, {""id"": 6062, ""name"": ""hostility""}, {""id"": 6069, ""name"": ""class""}, {""id"": 9823, ""name"": ""rivalry""}]",en,The Prestige,"A mysterious story of two magicians whose intense rivalry leads them on a life-long battle for supremacy -- full of obsession, deceit and jealousy with dangerous and deadly consequences.",74.440708,"[{""name"": ""Warner Bros."", ""id"": 6194}, {""name"": ""Touchstone Pictures"", ""id"": 9195}, {""name"": ""Syncopy"", ""id"": 9996}]","[{""iso_3166_1"": ""US"", ""name"": ""United States of America""}]",2006-10-19,109676311,130.0,"[{""iso_639_1"": ""en"", ""name"": ""English""}]",Released,Are You Watching Closely?,The Prestige,8.0,4391
2285,19000000,"[{""id"": 12, ""name"": ""Adventure""}, {""id"": 35, ""name"": ""Comedy""}, {""id"": 878, ""name"": ""Science Fiction""}, {""id"": 10751, ""name"": ""Family""}]",http://www.backtothefuture.com/movies/backtothefuture1,105,"[{""id"": 389, ""name"": ""clock tower""}, {""id"": 830, ""name"": ""car race""}, {""id"": 949, ""name"": ""terrorist""}, {""id"": 951, ""name"": ""delorean""}, {""id"": 952, ""name"": ""lightning""}, {""id"": 953, ""name"": ""guitar""}, {""id"": 955, ""name"": ""plutonium""}, {""id"": 999, ""name"": ""sports car""}, {""id"": 1436, ""name"": ""inventor""}, {""id"": 1743, ""name"": ""journey in the past""}, {""id"": 4379, ""name"": ""time travel""}, {""id"": 4776, ""name"": ""race against time""}, {""id"": 9104, ""name"": ""partner""}, {""id"": 9789, ""name"": ""misfit""}, {""id"": 10125, ""name"": ""mad scientist""}, {""id"": 11860, ""name"": ""fish out of water""}, {""id"": 18425, ""name"": ""teenage love""}, {""id"": 40850, ""name"": ""destiny""}, {""id"": 186189, ""name"": ""hidden identity""}, {""id"": 187376, ""name"": ""odd couple""}, {""id"": 187710, ""name"": ""escapade""}, {""id"": 189449, ""name"": ""disorder""}, {""id"": 206687, ""name"": ""chases and races""}, {""id"": 206715, ""name"": ""love and romance""}, {""id"": 206720, ""name"": ""teenage life""}, {""id"": 206735, ""name"": ""misfit partners""}, {""id"": 206736, ""name"": ""changing the past or future""}, {""id"": 206737, ""name"": ""getting home""}, {""id"": 206738, ""name"": ""inventions and discoveries""}]",en,Back to the Future,"Eighties teenager Marty McFly is accidentally sent back in time to 1955, inadvertently disrupting his parents' first meeting and attracting his mother's romantic interest. Marty must repair the damage to history by rekindling his parents' romance and - with the help of his eccentric inventor friend Doc Brown - return to 1985.",76.603233,"[{""name"": ""Universal Pictures"", ""id"": 33}, {""name"": ""Amblin Entertainment"", ""id"": 56}, {""name"": ""U-Drive Productions"", ""id"": 20448}]","[{""iso_3166_1"": ""US"", ""name"": ""United States of America""}]",1985-07-03,381109762,116.0,"[{""iso_639_1"": ""en"", ""name"": ""English""}]",Released,He's the only kid ever to get into trouble before he was born.,Back to the Future,8.0,6079
1532,30000000,"[{""id"": 35, ""name"": ""Comedy""}, {""id"": 18, ""name"": ""Drama""}]",,120467,"[{""id"": 612, ""name"": ""hotel""}, {""id"": 5918, ""name"": ""painting""}, {""id"": 11159, ""name"": ""wartime""}, {""id"": 12371, ""name"": ""gunfight""}, {""id"": 14604, ""name"": ""theft""}, {""id"": 172772, ""name"": ""mentor prot\u00e9g\u00e9 relationship""}, {""id"": 181046, ""name"": ""european""}, {""id"": 188688, ""name"": ""hotel lobby""}, {""id"": 207257, ""name"": ""renaissance painting""}]",en,The Grand Budapest Hotel,"The Grand Budapest Hotel tells of a legendary concierge at a famous European hotel between the wars and his friendship with a young employee who becomes his trusted protégé. The story involves the theft and recovery of a priceless Renaissance painting, the battle for an enormous family fortune and the slow and then sudden upheavals that transformed Europe during the first half of the 20th century.",74.417456,"[{""name"": ""Fox Searchlight Pictures"", ""id"": 43}, {""name"": ""Scott Rudin Productions"", ""id"": 258}, {""name"": ""Studio Babelsberg"", ""id"": 264}, {""name"": ""Indian Paintbrush"", ""id"": 9350}, {""name"": ""TSG Entertainment"", ""id"": 22213}, {""name"": ""American Empirical Pictures"", ""id"": 23449}]","[{""iso_3166_1"": ""GB"", ""name"": ""United Kingdom""}, {""iso_3166_1"": ""US"", ""name"": ""United States of America""}, {""iso_3166_1"": ""DE"", ""name"": ""Germany""}]",2014-02-26,174600318,99.0,"[{""iso_639_1"": ""en"", ""name"": ""English""}, {""iso_639_1"": ""fr"", ""name"": ""Fran\u00e7ais""}]",Released,A perfect holiday without leaving home.,The Grand Budapest Hotel,8.0,4519
2522,14000000,"[{""id"": 36, ""name"": ""History""}, {""id"": 18, ""name"": ""Drama""}, {""id"": 53, ""name"": ""Thriller""}, {""id"": 10752, ""name"": ""War""}]",http://theimitationgamemovie.com/,205596,"[{""id"": 237, ""name"": ""gay""}, {""id"": 392, ""name"": ""england""}, {""id"": 1956, ""name"": ""world war ii""}, {""id"": 2303, ""name"": ""mathematician""}, {""id"": 5565, ""name"": ""biography""}, {""id"": 208394, ""name"": ""logician""}, {""id"": 208395, ""name"": ""cryptography""}]",en,The Imitation Game,"Based on the real life story of legendary cryptanalyst Alan Turing, the film portrays the nail-biting race against time by Turing and his brilliant team of code-breakers at Britain's top-secret Government Code and Cypher School at Bletchley Park, during the darkest days of World War II.",145.364591,"[{""name"": ""Black Bear Pictures"", ""id"": 22146}, {""name"": ""Bristol Automotive"", ""id"": 38145}]","[{""iso_3166_1"": ""GB"", ""name"": ""United Kingdom""}]",2014-11-14,233555708,113.0,"[{""iso_639_1"": ""en"", ""name"": ""English""}]",Released,The true enigma was the man who cracked the code.,The Imitation Game,8.0,5723
4300,1200000,"[{""id"": 80, ""name"": ""Crime""}, {""id"": 53, ""name"": ""Thriller""}]",,500,"[{""id"": 2052, ""name"": ""traitor""}, {""id"": 6099, ""name"": ""jewelry""}, {""id"": 6259, ""name"": ""psychopath""}, {""id"": 9727, ""name"": ""thief""}, {""id"": 10051, ""name"": ""heist""}, {""id"": 10085, ""name"": ""betrayal""}, {""id"": 10092, ""name"": ""mystery""}, {""id"": 10685, ""name"": ""escape""}, {""id"": 10726, ""name"": ""gang""}, {""id"": 11071, ""name"": ""plan gone wrong""}, {""id"": 157892, ""name"": ""warehouse""}, {""id"": 159753, ""name"": ""ensemble cast""}, {""id"": 170313, ""name"": ""all male cast""}, {""id"": 171826, ""name"": ""told in flashback""}, {""id"": 177438, ""name"": ""heist gone wrong""}, {""id"": 201058, ""name"": ""foreshadowing""}, {""id"": 207784, ""name"": ""rendezvous""}, {""id"": 224552, ""name"": ""iconic""}, {""id"": 233069, ""name"": ""set in one room""}, {""id"": 233072, ""name"": ""uneasy alliance""}, {""id"": 233073, ""name"": ""rag tag group""}]",en,Reservoir Dogs,"A botched robbery indicates a police informant, and the pressure mounts in the aftermath at a warehouse. Crime begets violence as the survivors -- veteran Mr. White, newcomer Mr. Orange, psychopathic parolee Mr. Blonde, bickering weasel Mr. Pink and Nice Guy Eddie -- unravel.",66.925866,"[{""name"": ""Live Entertainment"", ""id"": 285}, {""name"": ""Lionsgate"", ""id"": 1632}, {""name"": ""Dog Eat Dog Productions Inc."", ""id"": 26198}]","[{""iso_3166_1"": ""US"", ""name"": ""United States of America""}]",1992-09-02,14661007,99.0,"[{""iso_639_1"": ""en"", ""name"": ""English""}]",Released,Every dog has his day.,Reservoir Dogs,8.0,3697
494,45000000,"[{""id"": 10751, ""name"": ""Family""}, {""id"": 16, ""name"": ""Animation""}, {""id"": 18, ""name"": ""Drama""}]",http://movies.disney.com/the-lion-king,8587,"[{""id"": 2143, ""name"": ""loss of parents""}, {""id"": 5276, ""name"": ""wild boar""}, {""id"": 6464, ""name"": ""uncle""}, {""id"": 11326, ""name"": ""shaman""}, {""id"": 11436, ""name"": ""redemption""}, {""id"": 13084, ""name"": ""king""}, {""id"": 14767, ""name"": ""scar""}, {""id"": 18136, ""name"": ""hyena""}, {""id"": 18153, ""name"": ""meerkat""}]",en,The Lion King,A young lion cub named Simba can't wait to be king. But his uncle craves the title for himself and will stop at nothing to get it.,90.457886,"[{""name"": ""Walt Disney Pictures"", ""id"": 2}, {""name"": ""Walt Disney Feature Animation"", ""id"": 10217}]","[{""iso_3166_1"": ""US"", ""name"": ""United States of America""}]",1994-06-23,788241776,89.0,"[{""iso_639_1"": ""en"", ""name"": ""English""}]",Released,Life's greatest adventure is finding your place in the Circle of Life.,The Lion King,8.0,5376
77,175000000,"[{""id"": 18, ""name"": ""Drama""}, {""id"": 35, ""name"": ""Comedy""}, {""id"": 16, ""name"": ""Animation""}, {""id"": 10751, ""name"": ""Family""}]",http://movies.disney.com/inside-out,150540,"[{""id"": 1566, ""name"": ""dream""}, {""id"": 6513, ""name"": ""cartoon""}, {""id"": 7942, ""name"": ""imaginary friend""}, {""id"": 10336, ""name"": ""animation""}, {""id"": 18035, ""name"": ""family""}, {""id"": 18253, ""name"": ""moving""}, {""id"": 161155, ""name"": ""kids""}, {""id"": 163227, ""name"": ""unicorn""}, {""id"": 179431, ""name"": ""duringcreditsstinger""}, {""id"": 209714, ""name"": ""3d""}, {""id"": 211269, ""name"": ""emotions""}]",en,Inside Out,"Growing up can be a bumpy road, and it's no exception for Riley, who is uprooted from her Midwest life when her father starts a new job in San Francisco. Like all of us, Riley is guided by her emotions - Joy, Fear, Anger, Disgust and Sadness. The emotions live in Headquarters, the control center inside Riley's mind, where they help advise her through everyday life. As Riley and her emotions struggle to adjust to a new life in San Francisco, turmoil ensues in Headquarters. Although Joy, Riley's main and most important emotion, tries to keep things positive, the emotions conflict on how best to navigate a new city, house and school.",128.655964,"[{""name"": ""Walt Disney Pictures"", ""id"": 2}, {""name"": ""Pixar Animation Studios"", ""id"": 3}]","[{""iso_3166_1"": ""US"", ""name"": ""United States of America""}]",2015-06-09,857611174,94.0,"[{""iso_639_1"": ""en"", ""name"": ""English""}]",Released,Meet the little voices inside your head.,Inside Out,8.0,6560
330,79000000,"[{""id"": 12, ""name"": ""Adventure""}, {""id"": 14, ""name"": ""Fantasy""}, {""id"": 28, ""name"": ""Action""}]",http://www.lordoftherings.net/,121,"[{""id"": 603, ""name"": ""elves""}, {""id"": 606, ""name"": ""orcs""}, {""id"": 609, ""name"": ""middle-earth (tolkien)""}, {""id"": 611, ""name"": ""hobbit""}, {""id"": 818, ""name"": ""based on novel""}, {""id"": 1653, ""name"": ""explosive""}, {""id"": 1964, ""name"": ""cave""}, {""id"": 4268, ""name"": ""fort""}, {""id"": 6092, ""name"": ""army""}, {""id"": 10364, ""name"": ""mission""}, {""id"": 10563, ""name"": ""attack""}, {""id"": 33788, ""name"": ""guide""}, {""id"": 177912, ""name"": ""wizard""}, {""id"": 189093, ""name"": ""ring""}, {""id"": 234213, ""name"": ""sword and sorcery""}]",en,The Lord of the Rings: The Two Towers,"Frodo and Sam are trekking to Mordor to destroy the One Ring of Power while Gimli, Legolas and Aragorn search for the orc-captured Merry and Pippin. All along, nefarious wizard Saruman awaits the Fellowship members at the Orthanc Tower in Isengard.",106.914973,"[{""name"": ""WingNut Films"", ""id"": 11}, {""name"": ""New Line Cinema"", ""id"": 12}, {""name"": ""The Saul Zaentz Company"", ""id"": 5237}]","[{""iso_3166_1"": ""NZ"", ""name"": ""New Zealand""}, {""iso_3166_1"": ""US"", ""name"": ""United States of America""}]",2002-12-18,926287400,179.0,"[{""iso_639_1"": ""en"", ""name"": ""English""}]",Released,A New Power Is Rising.,The Lord of the Rings: The Two Towers,8.0,7487
262,93000000,"[{""id"": 12, ""name"": ""Adventure""}, {""id"": 14, ""name"": ""Fantasy""}, {""id"": 28, ""name"": ""Action""}]",http://www.lordoftherings.net/,120,"[{""id"": 603, ""name"": ""elves""}, {""id"": 604, ""name"": ""dwarves""}, {""id"": 606, ""name"": ""orcs""}, {""id"": 609, ""name"": ""middle-earth (tolkien)""}, {""id"": 611, ""name"": ""hobbit""}, {""id"": 818, ""name"": ""based on novel""}, {""id"": 1262, ""name"": ""mountains""}, {""id"": 2407, ""name"": ""fireworks""}, {""id"": 3098, ""name"": ""castle""}, {""id"": 3347, ""name"": ""volcano""}, {""id"": 4587, ""name"": ""password""}, {""id"": 4959, ""name"": ""death of a friend""}, {""id"": 6464, ""name"": ""uncle""}, {""id"": 46951, ""name"": ""mirror""}, {""id"": 177912, ""name"": ""wizard""}, {""id"": 234213, ""name"": ""sword and sorcery""}]",en,The Lord of the Rings: The Fellowship of the Ring,"Young hobbit Frodo Baggins, after inheriting a mysterious ring from his uncle Bilbo, must leave his home in order to keep it from falling into the hands of its evil creator. Along the way, a fellowship is formed to protect the ringbearer and make sure that the ring arrives at its final destination: Mt. Doom, the only place where it can be destroyed.",138.049577,"[{""name"": ""WingNut Films"", ""id"": 11}, {""name"": ""New Line Cinema"", ""id"": 12}, {""name"": ""The Saul Zaentz Company"", ""id"": 5237}]","[{""iso_3166_1"": ""NZ"", ""name"": ""New Zealand""}, {""iso_3166_1"": ""US"", ""name"": ""United States of America""}]",2001-12-18,871368364,178.0,"[{""iso_639_1"": ""en"", ""name"": ""English""}]",Released,One ring to rule them all,The Lord of the Rings: The Fellowship of the Ring,8.0,8705
693,61000000,"[{""id"": 9648, ""name"": ""Mystery""}, {""id"": 53, ""name"": ""Thriller""}, {""id"": 18, ""name"": ""Drama""}]",http://www.gonegirlmovie.com/,210577,"[{""id"": 818, ""name"": ""based on novel""}, {""id"": 5809, ""name"": ""marriage crisis""}, {""id"": 10941, ""name"": ""disappearance""}, {""id"": 11513, ""name"": ""cheating husband""}, {""id"": 156091, ""name"": ""missing person""}, {""id"": 169962, ""name"": ""search party""}, {""id"": 191199, ""name"": ""criminal lawyer""}, {""id"": 199073, ""name"": ""wife murder""}, {""id"": 207431, ""name"": ""murder suspect""}, {""id"": 222665, ""name"": ""missing wife""}]",en,Gone Girl,"With his wife's disappearance having become the focus of an intense media circus, a man sees the spotlight turned on him when it's suspected that he may not be innocent.",143.041543,"[{""name"": ""Twentieth Century Fox Film Corporation"", ""id"": 306}, {""name"": ""Regency Enterprises"", ""id"": 508}, {""name"": ""New Regency Pictures"", ""id"": 10104}, {""name"": ""Pacific Standard"", ""id"": 15829}, {""name"": ""TSG Entertainment"", ""id"": 22213}, {""name"": ""Artemple - Hollywood"", ""id"": 60682}]","[{""iso_3166_1"": ""US"", ""name"": ""United States of America""}]",2014-10-01,369330363,145.0,"[{""iso_639_1"": ""en"", ""name"": ""English""}]",Released,You don't know what you've got 'til it's...,Gone Girl,7.9,5862
274,103000000,"[{""id"": 28, ""name"": ""Action""}, {""id"": 18, ""name"": ""Drama""}, {""id"": 12, ""name"": ""Adventure""}]",,98,"[{""id"": 588, ""name"": ""rome""}, {""id"": 1394, ""name"": ""gladiator""}, {""id"": 1395, ""name"": ""arena""}, {""id"": 1399, ""name"": ""senate""}, {""id"": 1405, ""name"": ""roman empire""}, {""id"": 2280, ""name"": ""emperor""}, {""id"": 2831, ""name"": ""slavery""}, {""id"": 10141, ""name"": ""battlefield""}, {""id"": 11221, ""name"": ""blood""}, {""id"": 14704, ""name"": ""ancient world""}, {""id"": 15300, ""name"": ""father daughter relationship""}, {""id"": 18543, ""name"": ""combat""}, {""id"": 157499, ""name"": ""mother son relationship""}, {""id"": 160840, ""name"": ""dream sequence""}, {""id"": 179780, ""name"": ""chariot""}, {""id"": 192230, ""name"": ""philosopher""}, {""id"": 235791, ""name"": ""barbarian horde""}, {""id"": 235792, ""name"": ""2nd century""}, {""id"": 235793, ""name"": ""successor""}]",en,Gladiator,"In the year 180, the death of emperor Marcus Aurelius throws the Roman Empire into chaos. Maximus is one of the Roman army's most capable and trusted generals and a key advisor to the emperor. As Marcus' devious son Commodus ascends to the throne, Maximus is set to be executed. He escapes, but is captured by slave traders. Renamed Spaniard and forced to become a gladiator, Maximus must battle to the death with other men for the amusement of paying audiences. His battle skills serve him well, and he becomes one of the most famous and admired men to fight in the Colosseum. Determined to avenge himself against the man who took away his freedom and laid waste to his family, Maximus believes that he can use his fame and skill in the ring to avenge the loss of his family and former glory. As the gladiator begins to challenge his rule, Commodus decides to put his own fighting mettle to the test by squaring off with Maximus in a battle to the death.",95.301296,"[{""name"": ""DreamWorks SKG"", ""id"": 27}, {""name"": ""Universal Pictures"", ""id"": 33}, {""name"": ""Scott Free Productions"", ""id"": 1645}, {""name"": ""Red Wagon Entertainment"", ""id"": 14440}, {""name"": ""Mill Film"", ""id"": 21904}, {""name"": ""C & L"", ""id"": 21905}, {""name"": ""Dawliz"", ""id"": 21906}]","[{""iso_3166_1"": ""GB"", ""name"": ""United Kingdom""}, {""iso_3166_1"": ""US"", ""name"": ""United States of America""}]",2000-05-01,457640427,155.0,"[{""iso_639_1"": ""en"", ""name"": ""English""}]",Released,A Hero Will Rise.,Gladiator,7.9,5439
2152,20000000,"[{""id"": 878, ""name"": ""Science Fiction""}, {""id"": 18, ""name"": ""Drama""}, {""id"": 10749, ""name"": ""Romance""}]",http://www.eternalsunshine.com,38,"[{""id"": 563, ""name"": ""deja vu""}, {""id"": 802, ""name"": ""regret""}, {""id"": 931, ""name"": ""jealousy""}, {""id"": 1453, ""name"": ""amnesia""}, {""id"": 1566, ""name"": ""dream""}, {""id"": 1604, ""name"": ""operation""}, {""id"": 5625, ""name"": ""relationship problems""}, {""id"": 9673, ""name"": ""love""}, {""id"": 10937, ""name"": ""memory""}, {""id"": 12400, ""name"": ""brainwashing""}, {""id"": 14534, ""name"": ""relationship""}, {""id"": 34265, ""name"": ""heartbreak""}, {""id"": 157171, ""name"": ""nonlinear timeline""}, {""id"": 204374, ""name"": ""love story""}, {""id"": 224279, ""name"": ""bittersweet""}]",en,Eternal Sunshine of the Spotless Mind,"Joel Barish, heartbroken that his girlfriend underwent a procedure to erase him from her memory, decides to do the same. However, as he watches his memories of her fade away, he realises that he still loves her, and may be too late to correct his mistake.",56.481487,"[{""name"": ""Anonymous Content"", ""id"": 10039}, {""name"": ""This Is That Productions"", ""id"": 10059}, {""name"": ""Focus Features"", ""id"": 10146}]","[{""iso_3166_1"": ""US"", ""name"": ""United States of America""}]",2004-03-19,72258126,108.0,"[{""iso_639_1"": ""en"", ""name"": ""English""}]",Released,You can erase someone from your mind. Getting them out of your heart is another story.,Eternal Sunshine of the Spotless Mind,7.9,3652
1997,23000000,"[{""id"": 10749, ""name"": ""Romance""}, {""id"": 878, ""name"": ""Science Fiction""}, {""id"": 18, ""name"": ""Drama""}]",http://www.herthemovie.com/,152601,"[{""id"": 310, ""name"": ""artificial intelligence""}, {""id"": 6104, ""name"": ""computer""}, {""id"": 9673, ""name"": ""love""}, {""id"": 9957, ""name"": ""loneliness""}, {""id"": 12375, ""name"": ""transhumanism""}, {""id"": 34265, ""name"": ""heartbreak""}, {""id"": 40847, ""name"": ""near future""}, {""id"": 223540, ""name"": ""singularity""}, {""id"": 224279, ""name"": ""bittersweet""}]",en,Her,"In the not so distant future, Theodore, a lonely writer purchases a newly developed operating system designed to meet the user's every needs. To Theordore's surprise, a romantic relationship develops between him and his operating system. This unconventional love story blends science fiction and romance in a sweet tale that explores the nature of love and the ways that technology isolates and connects us all.",53.682367,"[{""name"": ""Warner Bros."", ""id"": 6194}, {""name"": ""Annapurna Pictures"", ""id"": 13184}]","[{""iso_3166_1"": ""CN"", ""name"": ""China""}, {""iso_3166_1"": ""US"", ""name"": ""United States of America""}]",2013-12-18,47351251,126.0,"[{""iso_639_1"": ""en"", ""name"": ""English""}]",Released,A Spike Jonze Love Story,Her,7.9,4097
94,170000000,"[{""id"": 28, ""name"": ""Action""}, {""id"": 878, ""name"": ""Science Fiction""}, {""id"": 12, ""name"": ""Adventure""}]",http://marvel.com/guardians,118340,"[{""id"": 8828, ""name"": ""marvel comic""}, {""id"": 9831, ""name"": ""spaceship""}, {""id"": 9882, ""name"": ""space""}, {""id"": 12405, ""name"": ""outer space""}, {""id"": 13014, ""name"": ""orphan""}, {""id"": 175428, ""name"": ""adventurer""}, {""id"": 179430, ""name"": ""aftercreditsstinger""}, {""id"": 179431, ""name"": ""duringcreditsstinger""}, {""id"": 180547, ""name"": ""marvel cinematic universe""}]",en,Guardians of the Galaxy,"Light years from Earth, 26 years after being abducted, Peter Quill finds himself the prime target of a manhunt after discovering an orb wanted by Ronan the Accuser.",481.098624,"[{""name"": ""Marvel Studios"", ""id"": 420}, {""name"": ""Moving Picture Company (MPC)"", ""id"": 20478}, {""name"": ""Bulletproof Cupid"", ""id"": 54850}, {""name"": ""Revolution Sun Studios"", ""id"": 76043}]","[{""iso_3166_1"": ""GB"", ""name"": ""United Kingdom""}, {""iso_3166_1"": ""US"", ""name"": ""United States of America""}]",2014-07-30,773328629,121.0,"[{""iso_639_1"": ""en"", ""name"": ""English""}]",Released,All heroes start somewhere.,Guardians of the Galaxy,7.9,9742
1725,28000000,"[{""id"": 878, ""name"": ""Science Fiction""}, {""id"": 18, ""name"": ""Drama""}, {""id"": 53, ""name"": ""Thriller""}]",http://www.warnerbros.com/blade-runner,78,"[{""id"": 310, ""name"": ""artificial intelligence""}, {""id"": 312, ""name"": ""man vs machine""}, {""id"": 679, ""name"": ""cyborg""}, {""id"": 801, ""name"": ""bounty hunter""}, {""id"": 803, ""name"": ""android""}, {""id"": 4565, ""name"": ""dystopia""}, {""id"": 6017, ""name"": ""genetics""}, {""id"": 10718, ""name"": ""fugitive""}, {""id"": 12190, ""name"": ""cyberpunk""}, {""id"": 12670, ""name"": ""los angeles""}, {""id"": 178657, ""name"": ""tech noir""}, {""id"": 207268, ""name"": ""neo-noir""}]",en,Blade Runner,"In the smog-choked dystopian Los Angeles of 2019, blade runner Rick Deckard is called out of retirement to terminate a quartet of replicants who have escaped to Earth seeking their creator for a way to extend their short life spans.",94.056131,"[{""name"": ""Shaw Brothers"", ""id"": 5798}, {""name"": ""Warner Bros."", ""id"": 6194}, {""name"": ""The Ladd Company"", ""id"": 7965}]","[{""iso_3166_1"": ""US"", ""name"": ""United States of America""}, {""iso_3166_1"": ""HK"", ""name"": ""Hong Kong""}, {""iso_3166_1"": ""GB"", ""name"": ""United Kingdom""}]",1982-06-25,33139618,117.0,"[{""iso_639_1"": ""en"", ""name"": ""English""}, {""iso_639_1"": ""de"", ""name"": ""Deutsch""}, {""iso_639_1"": ""cn"", ""name"": ""\u5e7f\u5dde\u8bdd / \u5ee3\u5dde\u8a71""}, {""iso_639_1"": ""ja"", ""name"": ""\u65e5\u672c\u8a9e""}, {""iso_639_1"": ""hu"", ""name"": ""Magyar""}]",Released,Man has made his match... now it's his problem.,Blade Runner,7.9,3509
3158,11000000,"[{""id"": 27, ""name"": ""Horror""}, {""id"": 28, ""name"": ""Action""}, {""id"": 53, ""name"": ""Thriller""}, {""id"": 878, ""name"": ""Science Fiction""}]",https://www.facebook.com/alienanthology/,348,"[{""id"": 803, ""name"": ""android""}, {""id"": 1825, ""name"": ""countdown""}, {""id"": 1826, ""name"": ""space marine""}, {""id"": 1828, ""name"": ""space suit""}, {""id"": 1829, ""name"": ""beheading""}, {""id"": 4565, ""name"": ""dystopia""}, {""id"": 6016, ""name"": ""biology""}, {""id"": 7956, ""name"": ""cowardice""}, {""id"": 9831, ""name"": ""spaceship""}, {""id"": 9882, ""name"": ""space""}, {""id"": 9951, ""name"": ""alien""}, {""id"": 11322, ""name"": ""female protagonist""}, {""id"": 12405, ""name"": ""outer space""}, {""id"": 157634, ""name"": ""parasite""}, {""id"": 181034, ""name"": ""h. r. giger""}, {""id"": 226177, ""name"": ""xenomorph""}]",en,Alien,"During its return to the earth, commercial spaceship Nostromo intercepts a distress signal from a distant planet. When a three-member team of the crew discovers a chamber containing thousands of eggs on the planet, a creature inside one of the eggs attacks an explorer. The entire crew is unaware of the impending nightmare set to descend upon them when the alien parasite planted inside its unfortunate host is birthed.",94.184658,"[{""name"": ""Twentieth Century Fox Film Corporation"", ""id"": 306}, {""name"": ""Brandywine Productions"", ""id"": 19747}]","[{""iso_3166_1"": ""US"", ""name"": ""United States of America""}, {""iso_3166_1"": ""GB"", ""name"": ""United Kingdom""}]",1979-05-25,104931801,117.0,"[{""iso_639_1"": ""en"", ""name"": ""English""}, {""iso_639_1"": ""es"", ""name"": ""Espa\u00f1ol""}]",Released,In space no one can hear you scream.,Alien,7.9,4470
2105,20000000,"[{""id"": 18, ""name"": ""Drama""}, {""id"": 36, ""name"": ""History""}]",,76203,"[{""id"": 1294, ""name"": ""whip""}, {""id"": 1930, ""name"": ""kidnapping""}, {""id"": 2831, ""name"": ""slavery""}, {""id"": 3136, ""name"": ""plantation""}, {""id"": 4225, ""name"": ""night shift""}, {""id"": 15189, ""name"": ""violin player""}, {""id"": 155794, ""name"": ""physical abuse""}, {""id"": 190477, ""name"": ""cotton""}, {""id"": 197643, ""name"": ""slave owner""}, {""id"": 207928, ""name"": ""19th century""}, {""id"": 209069, ""name"": ""sold into slavery""}, {""id"": 209070, ""name"": ""abolitionist""}]",en,12 Years a Slave,"In the pre-Civil War United States, Solomon Northup, a free black man from upstate New York, is abducted and sold into slavery. Facing cruelty as well as unexpected kindnesses Solomon struggles not only to stay alive, but to retain his dignity. In the twelfth year of his unforgettable odyssey, Solomon’s chance meeting with a Canadian abolitionist will forever alter his life.",95.9229,"[{""name"": ""Plan B Entertainment"", ""id"": 81}, {""name"": ""Regency Enterprises"", ""id"": 508}, {""name"": ""River Road Entertainment"", ""id"": 1246}, {""name"": ""Film4"", ""id"": 9349}, {""name"": ""New Regency Pictures"", ""id"": 10104}]","[{""iso_3166_1"": ""US"", ""name"": ""United States of America""}, {""iso_3166_1"": ""GB"", ""name"": ""United Kingdom""}]",2013-10-18,187000000,134.0,"[{""iso_639_1"": ""en"", ""name"": ""English""}]",Released,The extraordinary true story of Solomon Northup,12 Years a Slave,7.9,3674
298,100000000,"[{""id"": 80, ""name"": ""Crime""}, {""id"": 18, ""name"": ""Drama""}, {""id"": 35, ""name"": ""Comedy""}]",http://www.thewolfofwallstreet.com/,106646,"[{""id"": 417, ""name"": ""corruption""}, {""id"": 572, ""name"": ""sex""}, {""id"": 738, ""name"": ""sexuality""}, {""id"": 974, ""name"": ""bank""}, {""id"": 3923, ""name"": ""humor""}, {""id"": 5565, ""name"": ""biography""}, {""id"": 5636, ""name"": ""wall street""}, {""id"": 5809, ""name"": ""marriage crisis""}, {""id"": 6974, ""name"": ""rise and fall""}, {""id"": 10631, ""name"": ""stockbroker""}, {""id"": 14964, ""name"": ""drug""}, {""id"": 179018, ""name"": ""stock broker""}]",en,The Wolf of Wall Street,"A New York stockbroker refuses to cooperate in a large securities fraud case involving corruption on Wall Street, corporate banking world and mob infiltration. Based on Jordan Belfort's autobiography.",95.007934,"[{""name"": ""Paramount Pictures"", ""id"": 4}, {""name"": ""Appian Way"", ""id"": 562}, {""name"": ""EMJAG Productions"", ""id"": 14654}, {""name"": ""Red Granite Pictures"", ""id"": 19177}, {""name"": ""Sikelia Productions"", ""id"": 23243}]","[{""iso_3166_1"": ""US"", ""name"": ""United States of America""}]",2013-12-25,392000694,180.0,"[{""iso_639_1"": ""fr"", ""name"": ""Fran\u00e7ais""}, {""iso_639_1"": ""en"", ""name"": ""English""}]",Released,EARN. SPEND. PARTY.,The Wolf of Wall Street,7.9,6571
1490,32350000,"[{""id"": 12, ""name"": ""Adventure""}, {""id"": 28, ""name"": ""Action""}, {""id"": 878, ""name"": ""Science Fiction""}]",http://www.starwars.com/films/star-wars-episode-vi-return-of-the-jedi,1892,"[{""id"": 526, ""name"": ""rebel""}, {""id"": 1155, ""name"": ""brother sister relationship""}, {""id"": 2280, ""name"": ""emperor""}, {""id"": 2902, ""name"": ""space battle""}, {""id"": 5144, ""name"": ""matter of life and death""}, {""id"": 9831, ""name"": ""spaceship""}, {""id"": 10013, ""name"": ""death star""}, {""id"": 10014, ""name"": ""jabba the hutt""}, {""id"": 10015, ""name"": ""ewoks""}, {""id"": 10527, ""name"": ""jedi""}, {""id"": 161176, ""name"": ""space opera""}]",en,Return of the Jedi,"As Rebel leaders map their strategy for an all-out attack on the Emperor's newer, bigger Death Star. Han Solo remains frozen in the cavernous desert fortress of Jabba the Hutt, the most loathsome outlaw in the universe, who is also keeping Princess Leia as a slave girl. Now a master of the Force, Luke Skywalker rescues his friends, but he cannot become a true Jedi Knight until he wages his own crucial battle against Darth Vader, who has sworn to win Luke over to the dark side of the Force.",46.509071,"[{""name"": ""Lucasfilm"", ""id"": 1}, {""name"": ""Twentieth Century Fox Film Corporation"", ""id"": 306}]","[{""iso_3166_1"": ""US"", ""name"": ""United States of America""}]",1983-05-23,572700000,135.0,"[{""iso_639_1"": ""en"", ""name"": ""English""}]",Released,The Empire Falls...,Return of the Jedi,7.9,4665
351,90000000,"[{""id"": 18, ""name"": ""Drama""}, {""id"": 53, ""name"": ""Thriller""}, {""id"": 80, ""name"": ""Crime""}]",http://thedeparted.warnerbros.com/,1422,"[{""id"": 1568, ""name"": ""undercover""}, {""id"": 1680, ""name"": ""boston""}, {""id"": 6149, ""name"": ""police""}, {""id"": 9713, ""name"": ""friends""}, {""id"": 10391, ""name"": ""mafia""}, {""id"": 11199, ""name"": ""undercover cop""}, {""id"": 11578, ""name"": ""mobster""}, {""id"": 14617, ""name"": ""mole""}, {""id"": 177235, ""name"": ""state police""}, {""id"": 177258, ""name"": ""police training""}, {""id"": 177259, ""name"": ""realtor""}]",en,The Departed,"To take down South Boston's Irish Mafia, the police send in one of their own to infiltrate the underworld, not realizing the syndicate has done likewise. While an undercover cop curries favor with the mob kingpin, a career criminal rises through the police ranks. But both sides soon discover there's a mole among them.",63.429157,"[{""name"": ""Vertigo Entertainment"", ""id"": 829}, {""name"": ""Media Asia Films"", ""id"": 5552}, {""name"": ""Warner Bros."", ""id"": 6194}, {""name"": ""Initial Entertainment Group (IEG)"", ""id"": 7380}, {""name"": ""Plan B Entertainment"", ""id"": 45778}]","[{""iso_3166_1"": ""HK"", ""name"": ""Hong Kong""}, {""iso_3166_1"": ""US"", ""name"": ""United States of America""}]",2006-10-05,289847354,151.0,"[{""iso_639_1"": ""en"", ""name"": ""English""}, {""iso_639_1"": ""cn"", ""name"": ""\u5e7f\u5dde\u8bdd / \u5ee3\u5dde\u8a71""}]",Released,Lies. Betrayal. Sacrifice. How far will you take it?,The Departed,7.9,4339
571,70000000,"[{""id"": 18, ""name"": ""Drama""}, {""id"": 28, ""name"": ""Action""}, {""id"": 53, ""name"": ""Thriller""}, {""id"": 10752, ""name"": ""War""}]",http://www.inglouriousbasterds-movie.com/,16869,"[{""id"": 90, ""name"": ""paris""}, {""id"": 1008, ""name"": ""guerrilla""}, {""id"": 1388, ""name"": ""cinema""}, {""id"": 1430, ""name"": ""self sacrifice""}, {""id"": 1560, ""name"": ""dynamite""}, {""id"": 1666, ""name"": ""mexican standoff""}, {""id"": 1956, ""name"": ""world war ii""}, {""id"": 2433, ""name"": ""jew persecution""}, {""id"": 2606, ""name"": ""jew""}, {""id"": 2652, ""name"": ""nazis""}, {""id"": 3260, ""name"": ""masochism""}, {""id"": 4426, ""name"": ""sadism""}, {""id"": 5470, ""name"": ""scalp""}, {""id"": 6538, ""name"": ""winston churchill""}, {""id"": 9851, ""name"": ""knife in hand""}, {""id"": 10144, ""name"": ""anti semitism""}, {""id"": 10292, ""name"": ""gore""}, {""id"": 11105, ""name"": ""swastika""}, {""id"": 11249, ""name"": ""blood bath""}, {""id"": 13519, ""name"": ""german occupation of france""}, {""id"": 14819, ""name"": ""violence""}, {""id"": 163656, ""name"": ""gun violence""}]",en,Inglourious Basterds,"In Nazi-occupied France during World War II, a group of Jewish-American soldiers known as ""The Basterds"" are chosen specifically to spread fear throughout the Third Reich by scalping and brutally killing Nazis. The Basterds, lead by Lt. Aldo Raine soon cross paths with a French-Jewish teenage girl who runs a movie theater in Paris which is targeted by the soldiers.",72.595961,"[{""name"": ""Universal Pictures"", ""id"": 33}, {""name"": ""A Band Apart"", ""id"": 59}, {""name"": ""The Weinstein Company"", ""id"": 308}, {""name"": ""Zehnte Babelsberg"", ""id"": 6817}, {""name"": ""Visiona Romantica"", ""id"": 6818}]","[{""iso_3166_1"": ""DE"", ""name"": ""Germany""}, {""iso_3166_1"": ""US"", ""name"": ""United States of America""}]",2009-08-18,319131050,153.0,"[{""iso_639_1"": ""de"", ""name"": ""Deutsch""}, {""iso_639_1"": ""en"", ""name"": ""English""}, {""iso_639_1"": ""fr"", ""name"": ""Fran\u00e7ais""}, {""iso_639_1"": ""it"", ""name"": ""Italiano""}]",Released,Once upon a time in Nazi occupied France...,Inglourious Basterds,7.9,6430
628,70000000,"[{""id"": 18, ""name"": ""Drama""}, {""id"": 36, ""name"": ""History""}, {""id"": 10752, ""name"": ""War""}]",,857,"[{""id"": 1327, ""name"": ""war crimes""}, {""id"": 1430, ""name"": ""self sacrifice""}, {""id"": 1543, ""name"": ""war veteran""}, {""id"": 1956, ""name"": ""world war ii""}, {""id"": 2770, ""name"": ""war ship""}, {""id"": 3800, ""name"": ""airplane""}, {""id"": 3930, ""name"": ""bravery""}, {""id"": 4299, ""name"": ""normandy""}, {""id"": 4300, ""name"": ""parachute""}, {""id"": 4302, ""name"": ""troops""}, {""id"": 4303, ""name"": ""waffen ss""}, {""id"": 4304, ""name"": ""omaha beach""}, {""id"": 6092, ""name"": ""army""}, {""id"": 7956, ""name"": ""cowardice""}, {""id"": 11108, ""name"": ""american flag""}, {""id"": 11111, ""name"": ""war memorial""}, {""id"": 11371, ""name"": ""deserted town""}, {""id"": 162365, ""name"": ""military""}, {""id"": 207883, ""name"": ""1940s""}]",en,Saving Private Ryan,"As U.S. troops storm the beaches of Normandy, three brothers lie dead on the battlefield, with a fourth trapped behind enemy lines. Ranger captain John Miller and seven men are tasked with penetrating German-held territory and bringing the boy home.",76.041867,"[{""name"": ""Paramount Pictures"", ""id"": 4}, {""name"": ""DreamWorks SKG"", ""id"": 27}, {""name"": ""Amblin Entertainment"", ""id"": 56}, {""name"": ""Mutual Film Company"", ""id"": 762}, {""name"": ""Mark Gordon Productions"", ""id"": 11362}]","[{""iso_3166_1"": ""US"", ""name"": ""United States of America""}]",1998-07-24,481840909,169.0,"[{""iso_639_1"": ""cs"", ""name"": ""\u010cesk\u00fd""}, {""iso_639_1"": ""de"", ""name"": ""Deutsch""}, {""iso_639_1"": ""en"", ""name"": ""English""}, {""iso_639_1"": ""fr"", ""name"": ""Fran\u00e7ais""}]",Released,The mission is a man.,Saving Private Ryan,7.9,5048
634,63000000,"[{""id"": 28, ""name"": ""Action""}, {""id"": 878, ""name"": ""Science Fiction""}]",http://www.warnerbros.com/matrix,603,"[{""id"": 83, ""name"": ""saving the world""}, {""id"": 310, ""name"": ""artificial intelligence""}, {""id"": 312, ""name"": ""man vs machine""}, {""id"": 490, ""name"": ""philosophy""}, {""id"": 530, ""name"": ""prophecy""}, {""id"": 779, ""name"": ""martial arts""}, {""id"": 1430, ""name"": ""self sacrifice""}, {""id"": 1721, ""name"": ""fight""}, {""id"": 3074, ""name"": ""insurgence""}, {""id"": 4563, ""name"": ""virtual reality""}, {""id"": 4565, ""name"": ""dystopia""}, {""id"": 6256, ""name"": ""truth""}, {""id"": 12190, ""name"": ""cyberpunk""}, {""id"": 187056, ""name"": ""woman director""}, {""id"": 194063, ""name"": ""messiah""}, {""id"": 221385, ""name"": ""gnosticism""}]",en,The Matrix,"Set in the 22nd century, The Matrix tells the story of a computer hacker who joins a group of underground insurgents fighting the vast and powerful computers who now rule the earth.",104.309993,"[{""name"": ""Village Roadshow Pictures"", ""id"": 79}, {""name"": ""Groucho II Film Partnership"", ""id"": 372}, {""name"": ""Silver Pictures"", ""id"": 1885}, {""name"": ""Warner Bros."", ""id"": 6194}]","[{""iso_3166_1"": ""AU"", ""name"": ""Australia""}, {""iso_3166_1"": ""US"", ""name"": ""United States of America""}]",1999-03-30,463517383,136.0,"[{""iso_639_1"": ""en"", ""name"": ""English""}]",Released,Welcome to the Real World.,The Matrix,7.9,8907
57,180000000,"[{""id"": 16, ""name"": ""Animation""}, {""id"": 10751, ""name"": ""Family""}]",http://disney.go.com/disneypictures/wall-e/,10681,"[{""id"": 9799, ""name"": ""romantic comedy""}]",en,WALL·E,"WALL·E is the last robot left on an Earth that has been overrun with garbage and all humans have fled to outer space. For 700 years he has continued to try and clean up the mess, but has developed some rather interesting human-like qualities. When a ship arrives with a sleek new type of robot, WALL·E thinks he's finally found a friend and stows away on the ship when it leaves.",66.390712,"[{""name"": ""Walt Disney Pictures"", ""id"": 2}, {""name"": ""Pixar Animation Studios"", ""id"": 3}, {""name"": ""FortyFour Studios"", ""id"": 93408}]","[{""iso_3166_1"": ""US"", ""name"": ""United States of America""}]",2008-06-22,521311860,98.0,"[{""iso_639_1"": ""en"", ""name"": ""English""}]",Released,An adventure beyond the ordinar-E.,WALL·E,7.8,6296
697,60000000,"[{""id"": 35, ""name"": ""Comedy""}, {""id"": 18, ""name"": ""Drama""}]",,37165,"[{""id"": 2147, ""name"": ""claustrophobia""}, {""id"": 3979, ""name"": ""hidden camera""}, {""id"": 4565, ""name"": ""dystopia""}, {""id"": 10328, ""name"": ""reality show""}, {""id"": 207063, ""name"": ""make believe""}, {""id"": 207064, ""name"": ""pretend""}]",en,The Truman Show,"Truman Burbank is the star of ""The Truman Show"", a 24-hour-a-day ""reality"" TV show that broadcasts every aspect of his life -- live and in color -- without his knowledge. His entire life has been an unending soap opera for consumption by the rest of the world. And everyone he knows -- including his wife and his best friend -- is really an actor, paid to be part of his life.",56.488027,"[{""name"": ""Paramount Pictures"", ""id"": 4}, {""name"": ""Scott Rudin Productions"", ""id"": 258}]","[{""iso_3166_1"": ""US"", ""name"": ""United States of America""}]",1998-06-04,264118201,103.0,"[{""iso_639_1"": ""en"", ""name"": ""English""}]",Released,On the air. Unaware.,The Truman Show,7.8,4537
439,80000000,"[{""id"": 18, ""name"": ""Drama""}, {""id"": 53, ""name"": ""Thriller""}, {""id"": 9648, ""name"": ""Mystery""}]",http://www.shutterisland.com/,11324,"[{""id"": 818, ""name"": ""based on novel""}, {""id"": 2041, ""name"": ""island""}, {""id"": 2215, ""name"": ""hurricane""}, {""id"": 5340, ""name"": ""investigation""}, {""id"": 10323, ""name"": ""psychiatric hospital""}, {""id"": 11207, ""name"": ""u.s. marshal""}, {""id"": 11208, ""name"": ""conspiracy theory""}, {""id"": 208611, ""name"": ""1950s""}]",en,Shutter Island,"World War II soldier-turned-U.S. Marshal Teddy Daniels investigates the disappearance of a patient from a hospital for the criminally insane, but his efforts are compromised by his troubling visions and also by a mysterious doctor.",81.914696,"[{""name"": ""Paramount Pictures"", ""id"": 4}, {""name"": ""Appian Way"", ""id"": 562}, {""name"": ""Phoenix Pictures"", ""id"": 11317}, {""name"": ""Sikelia Productions"", ""id"": 23243}]","[{""iso_3166_1"": ""US"", ""name"": ""United States of America""}]",2010-02-18,294804195,138.0,"[{""iso_639_1"": ""en"", ""name"": ""English""}, {""iso_639_1"": ""de"", ""name"": ""Deutsch""}]",Released,Someone is missing.,Shutter Island,7.8,6336
287,100000000,"[{""id"": 18, ""name"": ""Drama""}, {""id"": 37, ""name"": ""Western""}]",http://unchainedmovie.com/,68718,"[{""id"": 801, ""name"": ""bounty hunter""}, {""id"": 1701, ""name"": ""hero""}, {""id"": 3136, ""name"": ""plantation""}, {""id"": 3679, ""name"": ""society""}, {""id"": 6054, ""name"": ""friendship""}, {""id"": 9713, ""name"": ""friends""}, {""id"": 9748, ""name"": ""revenge""}, {""id"": 9823, ""name"": ""rivalry""}, {""id"": 10084, ""name"": ""rescue""}, {""id"": 10950, ""name"": ""shootout""}, {""id"": 12425, ""name"": ""racism""}, {""id"": 15017, ""name"": ""danger""}, {""id"": 33780, ""name"": ""dentist""}, {""id"": 160324, ""name"": ""django""}, {""id"": 163129, ""name"": ""dual role""}, {""id"": 179430, ""name"": ""aftercreditsstinger""}, {""id"": 187376, ""name"": ""odd couple""}, {""id"": 188772, ""name"": ""black slave""}, {""id"": 202703, ""name"": ""deadly""}, {""id"": 206687, ""name"": ""chases and races""}, {""id"": 207928, ""name"": ""19th century""}]",en,Django Unchained,"With the help of a German bounty hunter, a freed slave sets out to rescue his wife from a brutal Mississippi plantation owner.",82.121691,"[{""name"": ""Columbia Pictures"", ""id"": 5}, {""name"": ""The Weinstein Company"", ""id"": 308}]","[{""iso_3166_1"": ""US"", ""name"": ""United States of America""}]",2012-12-25,425368238,165.0,"[{""iso_639_1"": ""en"", ""name"": ""English""}, {""iso_639_1"": ""fr"", ""name"": ""Fran\u00e7ais""}, {""iso_639_1"": ""de"", ""name"": ""Deutsch""}]",Released,"Life, liberty and the pursuit of vengeance.",Django Unchained,7.8,10099
88,165000000,"[{""id"": 12, ""name"": ""Adventure""}, {""id"": 10751, ""name"": ""Family""}, {""id"": 16, ""name"": ""Animation""}, {""id"": 28, ""name"": ""Action""}, {""id"": 35, ""name"": ""Comedy""}]",http://movies.disney.com/big-hero-6,177572,"[{""id"": 380, ""name"": ""brother brother relationship""}, {""id"": 1701, ""name"": ""hero""}, {""id"": 2276, ""name"": ""talent""}, {""id"": 9748, ""name"": ""revenge""}, {""id"": 12392, ""name"": ""best friend""}, {""id"": 12446, ""name"": ""another dimension""}, {""id"": 14544, ""name"": ""robot""}, {""id"": 33353, ""name"": ""boy genius""}, {""id"": 41509, ""name"": ""hate""}, {""id"": 179430, ""name"": ""aftercreditsstinger""}, {""id"": 198423, ""name"": ""moral dilemma""}, {""id"": 209714, ""name"": ""3d""}, {""id"": 213104, ""name"": ""teen superheroes""}, {""id"": 215235, ""name"": ""dead brother""}]",en,Big Hero 6,"The special bond that develops between plus-sized inflatable robot Baymax, and prodigy Hiro Hamada, who team up with a group of friends to form a band of high-tech heroes.",203.73459,"[{""name"": ""Walt Disney Pictures"", ""id"": 2}, {""name"": ""Walt Disney Animation Studios"", ""id"": 6125}]","[{""iso_3166_1"": ""US"", ""name"": ""United States of America""}]",2014-10-24,652105443,102.0,"[{""iso_639_1"": ""en"", ""name"": ""English""}]",Released,From the creators of Wreck-it Ralph and Frozen,Big Hero 6,7.8,6135
2085,18000000,"[{""id"": 12, ""name"": ""Adventure""}, {""id"": 28, ""name"": ""Action""}]",http://www.indianajones.com,85,"[{""id"": 83, ""name"": ""saving the world""}, {""id"": 483, ""name"": ""riddle""}, {""id"": 485, ""name"": ""nepal""}, {""id"": 486, ""name"": ""himalaya""}, {""id"": 487, ""name"": ""cairo""}, {""id"": 488, ""name"": ""moses""}, {""id"": 1160, ""name"": ""egypt""}, {""id"": 1294, ""name"": ""whip""}, {""id"": 1454, ""name"": ""treasure""}, {""id"": 1456, ""name"": ""medallion""}, {""id"": 2650, ""name"": ""leather jacket""}, {""id"": 2652, ""name"": ""nazis""}, {""id"": 2656, ""name"": ""hat""}, {""id"": 2853, ""name"": ""mediterranean""}, {""id"": 2854, ""name"": ""ark of the covenant""}, {""id"": 2856, ""name"": ""ten commandments""}, {""id"": 6956, ""name"": ""treasure hunt""}, {""id"": 9032, ""name"": ""excavation""}, {""id"": 11105, ""name"": ""swastika""}, {""id"": 41586, ""name"": ""archaeologist""}, {""id"": 176731, ""name"": ""indiana jones""}, {""id"": 184134, ""name"": ""archeology\u00a0""}]",en,Raiders of the Lost Ark,"When Dr. Indiana Jones – the tweed-suited professor who just happens to be a celebrated archaeologist – is hired by the government to locate the legendary Ark of the Covenant, he finds himself up against the entire Nazi regime.",68.159596,"[{""name"": ""Lucasfilm"", ""id"": 1}, {""name"": ""Paramount Pictures"", ""id"": 4}]","[{""iso_3166_1"": ""US"", ""name"": ""United States of America""}]",1981-06-12,389925971,115.0,"[{""iso_639_1"": ""en"", ""name"": ""English""}, {""iso_639_1"": ""es"", ""name"": ""Espa\u00f1ol""}, {""iso_639_1"": ""de"", ""name"": ""Deutsch""}, {""iso_639_1"": ""he"", ""name"": ""\u05e2\u05b4\u05d1\u05b0\u05e8\u05b4\u05d9\u05ea""}, {""iso_639_1"": ""ar"", ""name"": ""\u0627\u0644\u0639\u0631\u0628\u064a\u0629""}, {""iso_639_1"": ""ne"", ""name"": """"}]",Released,Indiana Jones - the new hero from the creators of JAWS and STAR WARS.,Raiders of the Lost Ark,7.7,3854
1541,30000000,"[{""id"": 16, ""name"": ""Animation""}, {""id"": 35, ""name"": ""Comedy""}, {""id"": 10751, ""name"": ""Family""}]",http://toystory.disney.com/toy-story,862,"[{""id"": 931, ""name"": ""jealousy""}, {""id"": 4290, ""name"": ""toy""}, {""id"": 5202, ""name"": ""boy""}, {""id"": 6054, ""name"": ""friendship""}, {""id"": 9713, ""name"": ""friends""}, {""id"": 9823, ""name"": ""rivalry""}, {""id"": 165503, ""name"": ""boy next door""}, {""id"": 170722, ""name"": ""new toy""}, {""id"": 187065, ""name"": ""toy comes to life""}]",en,Toy Story,"Led by Woody, Andy's toys live happily in his room until Andy's birthday brings Buzz Lightyear onto the scene. Afraid of losing his place in Andy's heart, Woody plots against Buzz. But when circumstances separate Buzz and Woody from their owner, the duo eventually learns to put aside their differences.",73.640445,"[{""name"": ""Pixar Animation Studios"", ""id"": 3}]","[{""iso_3166_1"": ""US"", ""name"": ""United States of America""}]",1995-10-30,373554033,81.0,"[{""iso_639_1"": ""en"", ""name"": ""English""}]",Released,,Toy Story,7.7,5269
932,54000000,"[{""id"": 28, ""name"": ""Action""}, {""id"": 53, ""name"": ""Thriller""}, {""id"": 14, ""name"": ""Fantasy""}]",http://vforvendetta.warnerbros.com/,752,"[{""id"": 703, ""name"": ""detective""}, {""id"": 716, ""name"": ""vatican""}, {""id"": 1755, ""name"": ""fascism""}, {""id"": 3099, ""name"": ""satanism""}, {""id"": 3603, ""name"": ""fascist""}, {""id"": 4565, ""name"": ""dystopia""}, {""id"": 6086, ""name"": ""government""}, {""id"": 7525, ""name"": ""chancellor""}, {""id"": 9748, ""name"": ""revenge""}, {""id"": 11476, ""name"": ""personification of satan""}, {""id"": 13006, ""name"": ""torture""}, {""id"": 158449, ""name"": ""hatred""}, {""id"": 158456, ""name"": ""masked vigilante""}, {""id"": 161207, ""name"": ""catholicism""}, {""id"": 172391, ""name"": ""catholic priest""}, {""id"": 175949, ""name"": ""catholic guilt""}, {""id"": 189995, ""name"": ""jesuit""}, {""id"": 198331, ""name"": ""vengeful spirit""}, {""id"": 208647, ""name"": ""activist""}, {""id"": 208725, ""name"": ""irish catholic""}, {""id"": 214978, ""name"": ""vengeful""}, {""id"": 220888, ""name"": ""jesuit priest""}, {""id"": 221385, ""name"": ""gnosticism""}, {""id"": 221387, ""name"": ""occultism""}]",en,V for Vendetta,"In a world in which Great Britain has become a fascist state, a masked vigilante known only as 'V' conducts guerrilla warfare against the oppressive British government. When 'V' rescues a young woman from the secret police, he finds in her an ally with whom he can continue his fight to free the people of Britain.",84.630969,"[{""name"": ""Studio Babelsberg"", ""id"": 264}, {""name"": ""DC Comics"", ""id"": 429}, {""name"": ""Virtual Studios"", ""id"": 449}, {""name"": ""Anarchos Productions"", ""id"": 450}, {""name"": ""Silver Pictures"", ""id"": 1885}, {""name"": ""Warner Bros."", ""id"": 6194}, {""name"": ""Medienboard Berlin-Brandenburg"", ""id"": 7307}, {""name"": ""F\u00fcnfte Babelsberg Film"", ""id"": 23889}]","[{""iso_3166_1"": ""DE"", ""name"": ""Germany""}, {""iso_3166_1"": ""GB"", ""name"": ""United Kingdom""}, {""iso_3166_1"": ""US"", ""name"": ""United States of America""}]",2006-03-15,132511035,132.0,"[{""iso_639_1"": ""en"", ""name"": ""English""}]",Released,People should not be afraid of their governments. Governments should be afraid of their people.,V for Vendetta,7.7,4442
